,Run,Run start,Run end,"Run length (y, m, d, s)",Run length (days),Control directory,Output directory,Output GiB,Restart directory,Restart GiB,Run by,Run completion date,Job Id,Failed jobs,Failed jobids,Queue,Service Units,Walltime Used (hr),SU per model year,Walltime (hr) per model year,Wait (hr) between runs,SU per calendar day,Model years per calendar day,Memory Used (Gb),NCPUs Used,MOM NCPUs,CICE NCPUs,Fraction of MOM runtime in oasis_recv,Max MOM wait for oasis_recv (s),Max CICE wait for coupler (s),Max CICE I/O time (s),MOM tile layout,CICE tile distribution,CICE block_size_x,CICE block_size_y,Timestep (s),MOM barotropic split,CICE dynamic split (ndtd),Git hash of run,Commit date,Git-tracked file changes,Git log messages,ice/cice_in.nml -> setup_nml -> istep0,ice/cice_in.nml -> setup_nml -> restart,ice/cice_in.nml -> setup_nml -> runtype
,0,1900-01-01T00:00:00,1901-01-01T00:00:00,"[1, 0, 0, 0]",365.0,/home/561/rmh561/access-om2/1deg_era5_ryf,/g/data/e14/rmh561/access-om2/archive/1deg_era5_ryf/output000,3.539,/scratch/e14/rmh561/access-om2/archive/1deg_era5_ryf/restart000,0.46,Ryan Holmes,2022-05-11T14:26:00,39982936,0,[],normal,1264.32,2.195,1265.1859726027396,2.196503424657534,,,,225.82000000029802,288,216,24,0.841,6746.811565,4.69,71.83,"[16, 15]",cartesian,15,300,3600,80,1,10f610d2b2b07e1f421c2a81359f57d5d0ff1975,2022-05-11 12:14:23 +1000,,,0,False,initial
,1,1901-01-01T00:00:00,1902-01-01T00:00:00,"[1, 0, 0, 0]",365.0,/home/561/rmh561/access-om2/1deg_era5_ryf,/g/data/e14/rmh561/access-om2/archive/1deg_era5_ryf/output001,3.559,/scratch/e14/rmh561/access-om2/archive/1deg_era5_ryf/restart001,0.461,Ryan Holmes,2022-05-11T16:39:28,39992755,0,[],normal,1277.92,2.218611111111111,1278.795287671233,2.220130707762557,0.005833333333333357,13787.748251748253,10.781825976897846,232.69000000040978,288,216,24,0.842,6822.199618,8.18,83.24,"[16, 15]",cartesian,15,300,3600,80,1,c86d18c0bdf85012d88a63a3bb84b0d6b5ec9ebe,2022-05-11 14:26:27 +1000,"manifests/input.yaml, manifests/restart.yaml",['2022-05-11 14:26:27: Run 1'],35040,True,continue
,2,1902-01-01T00:00:00,1903-01-01T00:00:00,"[1, 0, 0, 0]",365.0,/home/561/rmh561/access-om2/1deg_era5_ryf,/g/data/e14/rmh561/access-om2/archive/1deg_era5_ryf/output002,3.558,/scratch/e14/rmh561/access-om2/archive/1deg_era5_ryf/restart002,0.461,Ryan Holmes,2022-05-13T09:19:11,40141812,2,"[40001649, 40051183]",normal,387.68,0.6730555555555555,387.94553424657533,0.6735165525114155,39.98888888888889,228.8213248806214,0.5898284802401778,232.9199999999255,288,216,24,0.466,1238.123716,27.32,74.93,"[16, 15]",cartesian,15,300,3600,80,1,387b8b620722815dd8fd1f5b09f475c552cea8ed,2022-05-13 08:38:54 +1000,"config.yaml, manifests/input.yaml, manifests/restart.yaml, sync_data.sh","['2022-05-11 16:40:04: Run 2', 'Swap to properly time chunked RYF forcing files and do some input directory clean-up.', '2022-05-13 08:38:54: Run 2']",70080,True,continue
,3,1903-01-01T00:00:00,1904-01-01T00:00:00,"[1, 0, 0, 0]",365.0,/home/561/rmh561/access-om2/1deg_era5_ryf,/g/data/e14/rmh561/access-om2/archive/1deg_era5_ryf/output003,3.558,/scratch/e14/rmh561/access-om2/archive/1deg_era5_ryf/restart003,0.462,Ryan Holmes,2022-05-13T10:00:48,40144006,0,[],normal,392.48,0.6813888888888889,392.74882191780824,0.681855593607306,0.012222222222222134,13580.405286343615,34.577838375249485,234.089999999851,288,216,24,0.477,1275.67635,20.26,76.03,"[16, 15]",cartesian,15,300,3600,80,1,bc590e5ee83f4e930820f9264367d3ae0b1da189,2022-05-13 09:20:00 +1000,manifests/restart.yaml,['2022-05-13 09:20:00: Run 3'],105120,True,continue
,4,1904-01-01T00:00:00,1905-01-01T00:00:00,"[1, 0, 0, 0]",366.0,/home/561/rmh561/access-om2/1deg_era5_ryf,/g/data/e14/rmh561/access-om2/archive/1deg_era5_ryf/output004,3.557,/scratch/e14/rmh561/access-om2/archive/1deg_era5_ryf/restart004,0.462,Ryan Holmes,2022-05-13T10:42:59,40146270,0,[],normal,400.32,0.695,399.4996721311475,0.6935758196721311,0.008055555555555594,13665.605689450811,34.20680076294198,233.40000000037253,288,216,24,0.485,1330.08596,28.51,77.55,"[16, 15]",cartesian,15,300,3600,80,1,d02f02c6f94139a5e3009e669bd2cc5aa2f54a5a,2022-05-13 10:01:21 +1000,manifests/restart.yaml,['2022-05-13 10:01:21: Run 4'],140160,True,continue
,5,1905-01-01T00:00:00,1906-01-01T00:00:00,"[1, 0, 0, 0]",365.0,/home/561/rmh561/access-om2/1deg_era5_ryf,/g/data/e14/rmh561/access-om2/archive/1deg_era5_ryf/output005,3.556,/scratch/e14/rmh561/access-om2/archive/1deg_era5_ryf/restart005,0.462,Ryan Holmes,2022-05-13T11:26:35,40148896,0,[],normal,413.12,0.7172222222222222,413.4029589041096,0.7177134703196347,0.009444444444444478,13644.330275229358,33.00491682836313,233.19000000040978,288,216,24,0.506,1419.560495,23.17,74.95,"[16, 15]",cartesian,15,300,3600,80,1,f3380306b5ffbf282553d3eeccf754e173c1d7a2,2022-05-13 10:43:38 +1000,"manifests/input.yaml, manifests/restart.yaml",['2022-05-13 10:43:38: Run 5'],175200,True,continue
,6,1906-01-01T00:00:00,1907-01-01T00:00:00,"[1, 0, 0, 0]",365.0,/home/561/rmh561/access-om2/1deg_era5_ryf,/g/data/e14/rmh561/access-om2/archive/1deg_era5_ryf/output006,3.557,/scratch/e14/rmh561/access-om2/archive/1deg_era5_ryf/restart006,0.462,Ryan Holmes,2022-05-13T12:10:34,40152472,0,[],normal,416.48,0.7230555555555556,416.7652602739726,0.723550799086758,0.010000000000000009,13635.41947707465,32.717265033345186,233.23000000044703,288,216,24,0.509,1440.622056,23.48,78.65,"[16, 15]",cartesian,15,300,3600,80,1,09270252224a6da9817f5152febb2f9f3f2a1d12,2022-05-13 11:27:15 +1000,manifests/restart.yaml,['2022-05-13 11:27:15: Run 6'],210240,True,continue
,7,1907-01-01T00:00:00,1908-01-01T00:00:00,"[1, 0, 0, 0]",365.0,/home/561/rmh561/access-om2/1deg_era5_ryf,/g/data/e14/rmh561/access-om2/archive/1deg_era5_ryf/output007,3.558,/scratch/e14/rmh561/access-om2/archive/1deg_era5_ryf/restart007,0.462,Ryan Holmes,2022-05-13T12:54:35,40155773,0,[],normal,419.36,0.7280555555555556,419.64723287671234,0.7285542237442922,0.005555555555555536,13719.31238167361,32.692488611510015,233.44000000040978,288,216,24,0.504,1425.779693,27.92,77.77,"[16, 15]",cartesian,15,300,3600,80,1,e50862ecfd15e8653cae1a7f44a1c6f37af7380e,2022-05-13 12:11:00 +1000,manifests/restart.yaml,['2022-05-13 12:11:00: Run 7'],245280,True,continue
,8,1908-01-01T00:00:00,1909-01-01T00:00:00,"[1, 0, 0, 0]",366.0,/home/561/rmh561/access-om2/1deg_era5_ryf,/g/data/e14/rmh561/access-om2/archive/1deg_era5_ryf/output008,3.558,/scratch/e14/rmh561/access-om2/archive/1deg_era5_ryf/restart008,0.462,Ryan Holmes,2022-05-13T13:39:17,40159390,0,[],normal,424.96,0.7377777777777778,424.08918032786886,0.7362659380692168,0.007222222222222241,13689.986577181207,32.28091451566225,233.69000000040978,288,216,24,0.501,1441.70421,63.01,79.76,"[16, 15]",cartesian,15,300,3600,80,1,9b43fd2f25c6789944b1dcdfbb1c5e1ee7ca7032,2022-05-13 12:55:06 +1000,manifests/restart.yaml,['2022-05-13 12:55:06: Run 8'],280320,True,continue
,9,1909-01-01T00:00:00,1910-01-01T00:00:00,"[1, 0, 0, 0]",365.0,/home/561/rmh561/access-om2/1deg_era5_ryf,/g/data/e14/rmh561/access-om2/archive/1deg_era5_ryf/output009,3.559,/scratch/e14/rmh561/access-om2/archive/1deg_era5_ryf/restart009,0.462,Ryan Holmes,2022-05-13T14:24:09,40162052,0,[],normal,426.88,0.7411111111111112,427.1723835616438,0.7416187214611872,0.006666666666666599,13700.754829123329,32.07312868610622,234.6699999999255,288,216,24,0.516,1484.15207,31.64,122.11,"[16, 15]",cartesian,15,300,3600,80,1,ad81e2a34a71e030afbb8978d8e818b43da84b32,2022-05-13 13:39:47 +1000,manifests/restart.yaml,['2022-05-13 13:39:47: Run 9'],315360,True,continue
,10,1910-01-01T00:00:00,1911-01-01T00:00:00,"[1, 0, 0, 0]",365.0,/home/561/rmh561/access-om2/1deg_era5_ryf,/g/data/e14/rmh561/access-om2/archive/1deg_era5_ryf/output010,3.56,/scratch/e14/rmh561/access-om2/archive/1deg_era5_ryf/restart010,0.462,Ryan Holmes,2022-05-16T11:10:44,40379568,0,[],normal,428.48,0.7438888888888889,428.7734794520548,0.7443984018264841,68.0325,149.52108079726975,0.348718117987027,231.15000000037253,288,216,24,0.516,1492.914844,23.3,80.54,"[16, 15]",cartesian,15,300,3600,80,1,05f424ea7a2adf6cd7349e5ab567d73666860b94,2022-05-16 10:26:14 +1000,"config.yaml, manifests/restart.yaml, run_summary_home_561_rmh561_access-om2_1deg_era5_ryf.csv, sync_data.sh","['update run summary', '2022-05-16 10:26:14: Run 10']",350400,True,continue
,11,1911-01-01T00:00:00,1912-01-01T00:00:00,"[1, 0, 0, 0]",365.0,/home/561/rmh561/access-om2/1deg_era5_ryf,/g/data/e14/rmh561/access-om2/archive/1deg_era5_ryf/output011,3.56,/scratch/e14/rmh561/access-om2/archive/1deg_era5_ryf/restart011,0.462,Ryan Holmes,2022-05-16T11:52:22,40383443,0,[],normal,397.76,0.6905555555555556,398.0324383561644,0.6910285388127854,0.0033333333333332993,13757.59167333867,34.563996166132085,234.75999999977648,288,216,24,0.477,1292.513243,26.15,148.33,"[16, 15]",cartesian,15,300,3600,80,1,a0b58a3725a3d4c56fd19470888b1c6cd8dc3fae,2022-05-16 11:14:31 +1000,"manifests/restart.yaml, run_summary_home_561_rmh561_access-om2_1deg_era5_ryf.csv","['2022-05-16 11:11:01: Run 11', 'update run summary']",385440,True,continue
,12,1912-01-01T00:00:00,1913-01-01T00:00:00,"[1, 0, 0, 0]",366.0,/home/561/rmh561/access-om2/1deg_era5_ryf,/g/data/e14/rmh561/access-om2/archive/1deg_era5_ryf/output012,3.561,/scratch/e14/rmh561/access-om2/archive/1deg_era5_ryf/restart012,0.463,Ryan Holmes,2022-05-16T12:41:50,40388292,0,[],normal,439.52,0.7630555555555556,438.6193442622951,0.7614919171220401,0.061388888888888826,12794.652291105122,29.170287308290483,234.42999999970198,288,216,24,0.522,1530.683147,28.02,76.98,"[16, 15]",cartesian,15,300,3600,80,1,b8500379364fd8083023f1b7f2676631d7eb7b71,2022-05-16 11:56:27 +1000,"manifests/restart.yaml, run_summary_home_561_rmh561_access-om2_1deg_era5_ryf.csv","['2022-05-16 11:56:20: Run 12', 'update run summary']",420480,True,continue
,13,1913-01-01T00:00:00,1914-01-01T00:00:00,"[1, 0, 0, 0]",365.0,/home/561/rmh561/access-om2/1deg_era5_ryf,/g/data/e14/rmh561/access-om2/archive/1deg_era5_ryf/output013,3.562,/scratch/e14/rmh561/access-om2/archive/1deg_era5_ryf/restart013,0.463,Ryan Holmes,2022-05-16T13:25:06,40391717,0,[],normal,413.28,0.7175,413.56306849315064,0.7179914383561644,0.0036111111111111205,13754.773497688751,33.25919199653234,233.20999999996275,288,216,24,0.495,1379.286284,28.75,75.27,"[16, 15]",cartesian,15,300,3600,80,1,a6ac61ac9e74cf869961b6701b5503d3059c28df,2022-05-16 12:46:02 +1000,"manifests/restart.yaml, run_summary_home_561_rmh561_access-om2_1deg_era5_ryf.csv","['2022-05-16 12:42:21: Run 13', 'update run summary']",455520,True,continue
,14,1914-01-01T00:00:00,1915-01-01T00:00:00,"[1, 0, 0, 0]",365.0,/home/561/rmh561/access-om2/1deg_era5_ryf,/g/data/e14/rmh561/access-om2/archive/1deg_era5_ryf/output014,3.562,/scratch/e14/rmh561/access-om2/archive/1deg_era5_ryf/restart014,0.463,Ryan Holmes,2022-05-16T14:09:24,40393638,0,[],normal,422.56,0.7336111111111111,422.84942465753426,0.7341135844748858,0.004722222222222183,13735.584650112869,32.48339444055604,233.79000000003725,288,216,24,0.508,1441.672676,26.6,77.22,"[16, 15]",cartesian,15,300,3600,80,1,7d4f8eddefbae066223ae09b18f5de8762c99cc0,2022-05-16 13:29:46 +1000,"manifests/restart.yaml, run_summary_home_561_rmh561_access-om2_1deg_era5_ryf.csv","['2022-05-16 13:25:39: Run 14', 'update run summary']",490560,True,continue
,15,1915-01-01T00:00:00,1916-01-01T00:00:00,"[1, 0, 0, 0]",365.0,/home/561/rmh561/access-om2/1deg_era5_ryf,/g/data/e14/rmh561/access-om2/archive/1deg_era5_ryf/output015,3.563,/scratch/e14/rmh561/access-om2/archive/1deg_era5_ryf/restart015,0.463,Ryan Holmes,2022-05-16T14:52:23,40395555,0,[],normal,409.12,0.7102777777777778,409.4002191780822,0.7107642694063927,0.006111111111111067,13706.075222954634,33.478426685923985,232.70999999996275,288,216,24,0.493,1367.393756,29.06,75.96,"[16, 15]",cartesian,15,300,3600,80,1,bd4440853fba1fcb59436357b73fc74b72ba292b,2022-05-16 14:14:13 +1000,"manifests/restart.yaml, run_summary_home_561_rmh561_access-om2_1deg_era5_ryf.csv","['2022-05-16 14:09:54: Run 15', 'update run summary']",525600,True,continue
,16,1916-01-01T00:00:00,1917-01-01T00:00:00,"[1, 0, 0, 0]",366.0,/home/561/rmh561/access-om2/1deg_era5_ryf,/g/data/e14/rmh561/access-om2/archive/1deg_era5_ryf/output016,3.563,/scratch/e14/rmh561/access-om2/archive/1deg_era5_ryf/restart016,0.463,Ryan Holmes,2022-05-16T15:37:22,40397775,0,[],normal,416.32,0.7227777777777777,415.46688524590166,0.7212966757741348,0.026944444444444438,13327.175991107819,32.077589007412435,234.03000000026077,288,216,24,0.501,1407.693884,25.46,79.17,"[16, 15]",cartesian,15,300,3600,80,1,b6f74a1442aa958355b3e9b165677eed9b9fcb43,2022-05-16 14:57:01 +1000,"manifests/restart.yaml, run_summary_home_561_rmh561_access-om2_1deg_era5_ryf.csv","['2022-05-16 14:54:13: Run 16', 'update run summary']",560640,True,continue
,17,1917-01-01T00:00:00,1918-01-01T00:00:00,"[1, 0, 0, 0]",365.0,/home/561/rmh561/access-om2/1deg_era5_ryf,/g/data/e14/rmh561/access-om2/archive/1deg_era5_ryf/output017,3.563,/scratch/e14/rmh561/access-om2/archive/1deg_era5_ryf/restart017,0.463,Ryan Holmes,2022-05-16T16:20:02,40399602,0,[],normal,406.72,0.7061111111111111,406.99857534246576,0.7065947488584475,0.0050000000000000044,13726.800000000001,33.72689938398357,235.01999999955297,288,216,24,0.49,1356.868381,26.64,76.79,"[16, 15]",cartesian,15,300,3600,80,1,0bd09cc98f20326830f1d5d0449b564eac9d8940,2022-05-16 15:42:15 +1000,"manifests/restart.yaml, run_summary_home_561_rmh561_access-om2_1deg_era5_ryf.csv","['2022-05-16 15:37:50: Run 17', 'update run summary']",595680,True,continue
,18,1918-01-01T00:00:00,1919-01-01T00:00:00,"[1, 0, 0, 0]",365.0,/home/561/rmh561/access-om2/1deg_era5_ryf,/g/data/e14/rmh561/access-om2/archive/1deg_era5_ryf/output018,3.564,/scratch/e14/rmh561/access-om2/archive/1deg_era5_ryf/restart018,0.463,Ryan Holmes,2022-05-16T17:01:54,40401265,0,[],normal,399.84,0.6941666666666667,400.1138630136986,0.6946421232876713,0.0036111111111111205,13752.458598726113,34.3713624295374,235.160000000149,288,216,24,0.482,1311.926185,27.75,78.79,"[16, 15]",cartesian,15,300,3600,80,1,8edf364daa9218841856ae4f3d4be4a30295e6b5,2022-05-16 16:24:25 +1000,"manifests/restart.yaml, run_summary_home_561_rmh561_access-om2_1deg_era5_ryf.csv","['2022-05-16 16:20:24: Run 18', 'update run summary']",630720,True,continue
,19,1919-01-01T00:00:00,1920-01-01T00:00:00,"[1, 0, 0, 0]",365.0,/home/561/rmh561/access-om2/1deg_era5_ryf,/g/data/e14/rmh561/access-om2/archive/1deg_era5_ryf/output019,3.564,/scratch/e14/rmh561/access-om2/archive/1deg_era5_ryf/restart019,0.463,Ryan Holmes,2022-05-16T17:44:23,40403418,0,[],normal,405.92,0.7047222222222222,406.19802739726026,0.7052049086757991,0.0033333333333332993,13758.920360925855,33.87244504629186,234.65000000037253,288,216,24,0.49,1350.883685,26.29,76.82,"[16, 15]",cartesian,15,300,3600,80,1,43b580ac315ada570675a816dccb02b270c0d602,2022-05-16 17:06:10 +1000,"manifests/restart.yaml, run_summary_home_561_rmh561_access-om2_1deg_era5_ryf.csv","['2022-05-16 17:02:16: Run 19', 'update run summary']",665760,True,continue
,20,1920-01-01T00:00:00,1921-01-01T00:00:00,"[1, 0, 0, 0]",366.0,/home/561/rmh561/access-om2/1deg_era5_ryf,/g/data/e14/rmh561/access-om2/archive/1deg_era5_ryf/output020,3.565,/scratch/e14/rmh561/access-om2/archive/1deg_era5_ryf/restart020,0.463,Ryan Holmes,2022-05-16T18:27:49,40406440,0,[],normal,405.44,0.7038888888888889,404.60918032786884,0.7024464936247723,0.020000000000000018,13442.062931696088,33.222337962780564,234.75,288,216,24,0.489,1347.472214,21.32,76.99,"[16, 15]",cartesian,15,300,3600,80,1,9427fa1c32a55c4cd8c51d11accd046380b8bb24,2022-05-16 17:49:01 +1000,"manifests/restart.yaml, run_summary_home_561_rmh561_access-om2_1deg_era5_ryf.csv","['2022-05-16 17:45:45: Run 20', 'update run summary']",700800,True,continue
,21,1921-01-01T00:00:00,1922-01-01T00:00:00,"[1, 0, 0, 0]",365.0,/home/561/rmh561/access-om2/1deg_era5_ryf,/g/data/e14/rmh561/access-om2/archive/1deg_era5_ryf/output021,3.565,/scratch/e14/rmh561/access-om2/archive/1deg_era5_ryf/restart021,0.463,Ryan Holmes,2022-05-16T19:09:50,40408864,0,[],normal,400.64,0.6955555555555556,400.9144109589041,0.6960319634703197,0.004722222222222183,13730.779849266164,34.24865625664337,234.95000000018626,288,216,24,0.482,1315.308864,26.37,72.74,"[16, 15]",cartesian,15,300,3600,80,1,0b9d33bd1fba06b3fd7e74341cb481f2b58ed355,2022-05-16 18:32:59 +1000,"manifests/restart.yaml, run_summary_home_561_rmh561_access-om2_1deg_era5_ryf.csv","['2022-05-16 18:28:15: Run 21', 'update run summary']",735840,True,continue
,22,1922-01-01T00:00:00,1923-01-01T00:00:00,"[1, 0, 0, 0]",365.0,/home/561/rmh561/access-om2/1deg_era5_ryf,/g/data/e14/rmh561/access-om2/archive/1deg_era5_ryf/output022,3.566,/scratch/e14/rmh561/access-om2/archive/1deg_era5_ryf/restart022,0.463,Ryan Holmes,2022-05-16T19:51:24,40411453,0,[],normal,395.68,0.6869444444444445,395.95101369863016,0.6874149543378996,0.005833333333333357,13707.599037690457,34.619431605051304,234.29000000003725,288,216,24,0.473,1280.976182,29.21,74.57,"[16, 15]",cartesian,15,300,3600,80,1,62597babc35b0f916d55892c175938046a4931ef,2022-05-16 19:14:37 +1000,"manifests/restart.yaml, run_summary_home_561_rmh561_access-om2_1deg_era5_ryf.csv","['2022-05-16 19:10:16: Run 22', 'update run summary']",770880,True,continue
,23,1923-01-01T00:00:00,1924-01-01T00:00:00,"[1, 0, 0, 0]",365.0,/home/561/rmh561/access-om2/1deg_era5_ryf,/g/data/e14/rmh561/access-om2/archive/1deg_era5_ryf/output023,3.566,/scratch/e14/rmh561/access-om2/archive/1deg_era5_ryf/restart023,0.463,Ryan Holmes,2022-05-16T20:37:13,40414248,0,[],normal,387.04,0.6719444444444445,387.305095890411,0.6724046803652968,0.09166666666666667,12164.516551473263,31.408098371407036,233.9199999999255,288,216,24,0.468,1238.962053,22.13,72.59,"[16, 15]",cartesian,15,300,3600,80,1,8e2291718135d915ee092a61f5161952ff8d467f,2022-05-16 19:57:05 +1000,"manifests/restart.yaml, run_summary_home_561_rmh561_access-om2_1deg_era5_ryf.csv","['update run summary', '2022-05-16 19:57:05: Run 23']",805920,True,continue
,24,1924-01-01T00:00:00,1925-01-01T00:00:00,"[1, 0, 0, 0]",366.0,/home/561/rmh561/access-om2/1deg_era5_ryf,/g/data/e14/rmh561/access-om2/archive/1deg_era5_ryf/output024,3.566,/scratch/e14/rmh561/access-om2/archive/1deg_era5_ryf/restart024,0.463,Ryan Holmes,2022-05-16T21:19:23,40416533,0,[],normal,392.48,0.6813888888888889,391.67573770491805,0.6799926001821495,0.02138888888888879,13403.269565217393,34.22032123755184,234.87999999988824,288,216,24,0.468,1257.277666,24.79,72.63,"[16, 15]",cartesian,15,300,3600,80,1,84ce46e985dbeb238a82f56d8f127cd1bf3838c8,2022-05-16 20:42:00 +1000,"manifests/restart.yaml, run_summary_home_561_rmh561_access-om2_1deg_era5_ryf.csv","['2022-05-16 20:38:39: Run 24', 'update run summary']",840960,True,continue
,25,1925-01-01T00:00:00,1926-01-01T00:00:00,"[1, 0, 0, 0]",365.0,/home/561/rmh561/access-om2/1deg_era5_ryf,/g/data/e14/rmh561/access-om2/archive/1deg_era5_ryf/output025,3.566,/scratch/e14/rmh561/access-om2/archive/1deg_era5_ryf/restart025,0.463,Ryan Holmes,2022-05-16T22:01:23,40418046,0,[],normal,389.28,0.6758333333333333,389.54663013698627,0.6762962328767123,0.02416666666666667,13346.742857142857,34.26224699325316,234.88999999966472,288,216,24,0.467,1241.400642,30.75,75.15,"[16, 15]",cartesian,15,300,3600,80,1,d763b32e2df92126e0e97a8392f6efddbcfc1d83,2022-05-16 21:23:57 +1000,"manifests/restart.yaml, run_summary_home_561_rmh561_access-om2_1deg_era5_ryf.csv","['2022-05-16 21:21:00: Run 25', 'update run summary']",876000,True,continue
,26,1926-01-01T00:00:00,1927-01-01T00:00:00,"[1, 0, 0, 0]",365.0,/home/561/rmh561/access-om2/1deg_era5_ryf,/g/data/e14/rmh561/access-om2/archive/1deg_era5_ryf/output026,3.567,/scratch/e14/rmh561/access-om2/archive/1deg_era5_ryf/restart026,0.463,Ryan Holmes,2022-05-16T22:54:55,40420007,0,[],normal,398.56,0.6919444444444445,398.8329863013699,0.6924183789954338,0.20027777777777778,10720.916562889166,26.88071681911518,235.23000000044703,288,216,24,0.479,1299.967888,26.43,75.81,"[16, 15]",cartesian,15,300,3600,80,1,46b5fc83b27b7b7f3fae1124b3f3f192ddd00a08,2022-05-16 22:13:34 +1000,"manifests/restart.yaml, run_summary_home_561_rmh561_access-om2_1deg_era5_ryf.csv","['update run summary', '2022-05-16 22:13:34: Run 26']",911040,True,continue
,27,1927-01-01T00:00:00,1928-01-01T00:00:00,"[1, 0, 0, 0]",365.0,/home/561/rmh561/access-om2/1deg_era5_ryf,/g/data/e14/rmh561/access-om2/archive/1deg_era5_ryf/output027,3.568,/scratch/e14/rmh561/access-om2/archive/1deg_era5_ryf/restart027,0.463,Ryan Holmes,2022-05-16T23:38:26,40423069,0,[],normal,390.4,0.6777777777777778,390.66739726027396,0.6782420091324202,0.04749999999999999,12918.636537725008,33.06812042244272,234.80999999959022,288,216,24,0.472,1261.209259,25.52,75.17,"[16, 15]",cartesian,15,300,3600,80,1,17b3b922c494254a436c51749bbaa0b3d82ee064,2022-05-16 22:59:44 +1000,"manifests/restart.yaml, run_summary_home_561_rmh561_access-om2_1deg_era5_ryf.csv","['2022-05-16 22:57:55: Run 27', 'update run summary']",946080,True,continue
,28,1928-01-01T00:00:00,1929-01-01T00:00:00,"[1, 0, 0, 0]",366.0,/home/561/rmh561/access-om2/1deg_era5_ryf,/g/data/e14/rmh561/access-om2/archive/1deg_era5_ryf/output028,3.568,/scratch/e14/rmh561/access-om2/archive/1deg_era5_ryf/restart028,0.463,Ryan Holmes,2022-05-17T00:23:58,40425008,0,[],normal,390.08,0.6772222222222222,389.28065573770493,0.6758344717668487,0.08166666666666667,12336.351390922402,31.6901217902658,234.82000000029802,288,216,24,0.467,1250.747923,28.82,74.76,"[16, 15]",cartesian,15,300,3600,80,1,01a02d86abd176bdb94290646d741de69ffe5d98,2022-05-16 23:44:07 +1000,"manifests/restart.yaml, run_summary_home_561_rmh561_access-om2_1deg_era5_ryf.csv","['2022-05-16 23:43:27: Run 28', 'update run summary']",981120,True,continue
,29,1929-01-01T00:00:00,1930-01-01T00:00:00,"[1, 0, 0, 0]",365.0,/home/561/rmh561/access-om2/1deg_era5_ryf,/g/data/e14/rmh561/access-om2/archive/1deg_era5_ryf/output029,3.568,/scratch/e14/rmh561/access-om2/archive/1deg_era5_ryf/restart029,0.463,Ryan Holmes,2022-05-17T01:04:46,40428568,0,[],normal,387.36,0.6725,387.62531506849314,0.6729606164383561,0.007500000000000062,13671.529411764706,35.26996014011354,234.17999999970198,288,216,24,0.464,1230.876725,27.16,75.44,"[16, 15]",cartesian,15,300,3600,80,1,2b00d182fe06ca737395ff1d57eb237b706a88e7,2022-05-17 00:28:09 +1000,"manifests/restart.yaml, run_summary_home_561_rmh561_access-om2_1deg_era5_ryf.csv","['2022-05-17 00:24:35: Run 29', 'update run summary']",1016160,True,continue
,30,1930-01-01T00:00:00,1931-01-01T00:00:00,"[1, 0, 0, 0]",365.0,/home/561/rmh561/access-om2/1deg_era5_ryf,/g/data/e14/rmh561/access-om2/archive/1deg_era5_ryf/output030,3.568,/scratch/e14/rmh561/access-om2/archive/1deg_era5_ryf/restart030,0.464,Ryan Holmes,2022-05-17T01:45:53,40430497,0,[],normal,392.32,0.6811111111111111,392.5887123287671,0.6815776255707763,0.004166666666666652,13739.946493717065,34.9983228305626,233.34999999962747,288,216,24,0.472,1269.327285,26.76,74.66,"[16, 15]",cartesian,15,300,3600,80,1,3af66d828418926f69502eac68cf80e0c80d8569,2022-05-17 01:08:43 +1000,"manifests/restart.yaml, run_summary_home_561_rmh561_access-om2_1deg_era5_ryf.csv","['2022-05-17 01:05:08: Run 30', 'update run summary']",1051200,True,continue
,31,1931-01-01T00:00:00,1932-01-01T00:00:00,"[1, 0, 0, 0]",365.0,/home/561/rmh561/access-om2/1deg_era5_ryf,/g/data/e14/rmh561/access-om2/archive/1deg_era5_ryf/output031,3.569,/scratch/e14/rmh561/access-om2/archive/1deg_era5_ryf/restart031,0.464,Ryan Holmes,2022-05-17T02:26:33,40432597,0,[],normal,388.48,0.6744444444444444,388.74608219178083,0.6749063926940638,0.0033333333333334103,13756.013114754098,35.38559935368768,231.90000000037253,288,216,24,0.468,1250.454028,25.99,75.86,"[16, 15]",cartesian,15,300,3600,80,1,62bf06feff1fa69c54a3ecd65285caa415816bd5,2022-05-17 01:49:47 +1000,"manifests/restart.yaml, run_summary_home_561_rmh561_access-om2_1deg_era5_ryf.csv","['2022-05-17 01:46:09: Run 31', 'update run summary']",1086240,True,continue
,32,1932-01-01T00:00:00,1933-01-01T00:00:00,"[1, 0, 0, 0]",366.0,/home/561/rmh561/access-om2/1deg_era5_ryf,/g/data/e14/rmh561/access-om2/archive/1deg_era5_ryf/output032,3.569,/scratch/e14/rmh561/access-om2/archive/1deg_era5_ryf/restart032,0.463,Ryan Holmes,2022-05-17T03:07:37,40434959,0,[],normal,392.64,0.6816666666666666,391.8354098360656,0.6802698087431694,0.002777777777777768,13767.896103896104,35.136936984986264,231.62999999988824,288,216,24,0.47,1269.206524,25.55,74.07,"[16, 15]",cartesian,15,300,3600,80,1,e16359b55f84f7d08c7df7e00d6bc610aecbdaed,2022-05-17 02:31:26 +1000,"manifests/restart.yaml, run_summary_home_561_rmh561_access-om2_1deg_era5_ryf.csv","['2022-05-17 02:26:48: Run 32', 'update run summary']",1121280,True,continue
,33,1933-01-01T00:00:00,1934-01-01T00:00:00,"[1, 0, 0, 0]",365.0,/home/561/rmh561/access-om2/1deg_era5_ryf,/g/data/e14/rmh561/access-om2/archive/1deg_era5_ryf/output033,3.569,/scratch/e14/rmh561/access-om2/archive/1deg_era5_ryf/restart033,0.464,Ryan Holmes,2022-05-17T03:48:06,40437597,0,[],normal,386.72,0.6713888888888889,386.9848767123288,0.6718487442922375,0.0033333333333332993,13755.705228489092,35.54584702470068,233.79000000003725,288,216,24,0.468,1243.475913,24.35,74.6,"[16, 15]",cartesian,15,300,3600,80,1,288028dfa76ed0cd215c9b94d53e0ad431f1967f,2022-05-17 03:11:38 +1000,"manifests/restart.yaml, run_summary_home_561_rmh561_access-om2_1deg_era5_ryf.csv","['2022-05-17 03:07:50: Run 33', 'update run summary']",1156320,True,continue
,34,1934-01-01T00:00:00,1935-01-01T00:00:00,"[1, 0, 0, 0]",365.0,/home/561/rmh561/access-om2/1deg_era5_ryf,/g/data/e14/rmh561/access-om2/archive/1deg_era5_ryf/output034,3.569,/scratch/e14/rmh561/access-om2/archive/1deg_era5_ryf/restart034,0.464,Ryan Holmes,2022-05-17T04:28:42,40439773,0,[],normal,388.64,0.6747222222222222,388.9061917808219,0.6751843607305936,0.0019444444444444153,13784.275862068964,35.44370378612395,234.59999999962747,288,216,24,0.468,1249.238026,27.73,74.33,"[16, 15]",cartesian,15,300,3600,80,1,42345ada26665e6e3d231c72073b074d596a89e4,2022-05-17 03:52:00 +1000,"manifests/restart.yaml, run_summary_home_561_rmh561_access-om2_1deg_era5_ryf.csv","['2022-05-17 03:48:20: Run 34', 'update run summary']",1191360,True,continue
,35,1935-01-01T00:00:00,1936-01-01T00:00:00,"[1, 0, 0, 0]",365.0,/home/561/rmh561/access-om2/1deg_era5_ryf,/g/data/e14/rmh561/access-om2/archive/1deg_era5_ryf/output035,3.569,/scratch/e14/rmh561/access-om2/archive/1deg_era5_ryf/restart035,0.464,Ryan Holmes,2022-05-17T05:09:30,40441903,0,[],normal,390.24,0.6775,390.50728767123286,0.6779640410958904,0.0025000000000000577,13773.176470588234,35.26996014011354,233.589999999851,288,216,24,0.472,1266.778513,26.32,75.0,"[16, 15]",cartesian,15,300,3600,80,1,955296603e7ba7bc0055ea80207a18708ab79bb9,2022-05-17 04:32:52 +1000,"manifests/restart.yaml, run_summary_home_561_rmh561_access-om2_1deg_era5_ryf.csv","['2022-05-17 04:28:55: Run 35', 'update run summary']",1226400,True,continue
,36,1936-01-01T00:00:00,1937-01-01T00:00:00,"[1, 0, 0, 0]",366.0,/home/561/rmh561/access-om2/1deg_era5_ryf,/g/data/e14/rmh561/access-om2/archive/1deg_era5_ryf/output036,3.569,/scratch/e14/rmh561/access-om2/archive/1deg_era5_ryf/restart036,0.464,Ryan Holmes,2022-05-17T05:49:37,40444758,0,[],normal,383.84,0.6663888888888889,383.0534426229508,0.6650233378870675,0.0022222222222222365,13778.054009140005,35.96901235189287,234.59999999962747,288,216,24,0.463,1223.4708,21.89,76.57,"[16, 15]",cartesian,15,300,3600,80,1,54b4545e89555b653ae03fa1691ca7e7e0f73568,2022-05-17 05:13:10 +1000,"manifests/restart.yaml, run_summary_home_561_rmh561_access-om2_1deg_era5_ryf.csv","['2022-05-17 05:09:43: Run 36', 'update run summary']",1261440,True,continue
,38,1938-01-01T00:00:00,1939-01-01T00:00:00,"[1, 0, 0, 0]",365.0,/home/561/rmh561/access-om2/1deg_era5_ryf,/g/data/e14/rmh561/access-om2/archive/1deg_era5_ryf/output038,3.57,/scratch/e14/rmh561/access-om2/archive/1deg_era5_ryf/restart038,0.464,Ryan Holmes,2022-05-17T07:11:35,40449433,1,[40446973],normal,391.84,0.6802777777777778,392.1083835616438,0.6807437214611872,0.6858333333333333,6883.891012606749,17.556092399958917,233.62999999988824,288,216,24,0.474,1275.104953,27.57,74.22,"[16, 15]",cartesian,15,300,3600,80,1,80efe818d7e7c839aae93ae03b3701f32d84577a,2022-05-17 06:34:49 +1000,"manifests/restart.yaml, run_summary_home_561_rmh561_access-om2_1deg_era5_ryf.csv","['2022-05-17 05:49:49: Run 37', 'update run summary', '2022-05-17 06:30:50: Run 38', 'update run summary']",1331520,True,continue
,39,1939-01-01T00:00:00,1940-01-01T00:00:00,"[1, 0, 0, 0]",365.0,/home/561/rmh561/access-om2/1deg_era5_ryf,/g/data/e14/rmh561/access-om2/archive/1deg_era5_ryf/output039,3.57,/scratch/e14/rmh561/access-om2/archive/1deg_era5_ryf/restart039,0.464,Ryan Holmes,2022-05-17T07:52:25,40451827,0,[],normal,390.72,0.6783333333333333,390.9876164383562,0.6787979452054794,0.0022222222222222365,13778.860408163266,35.24116833591753,234.51999999955297,288,216,24,0.474,1272.808412,20.97,78.47,"[16, 15]",cartesian,15,300,3600,80,1,486053b134d1dd87808882b5cad4f1da94a21d75,2022-05-17 07:15:26 +1000,"manifests/restart.yaml, run_summary_home_561_rmh561_access-om2_1deg_era5_ryf.csv","['2022-05-17 07:11:47: Run 39', 'update run summary']",1366560,True,continue
,40,1940-01-01T00:00:00,1941-01-01T00:00:00,"[1, 0, 0, 0]",366.0,/home/561/rmh561/access-om2/1deg_era5_ryf,/g/data/e14/rmh561/access-om2/archive/1deg_era5_ryf/output040,3.57,/scratch/e14/rmh561/access-om2/archive/1deg_era5_ryf/restart040,0.464,Ryan Holmes,2022-05-17T08:32:35,40454257,0,[],normal,384.32,0.6672222222222223,383.53245901639343,0.6658549635701275,0.0022222222222221255,13778.111203319502,35.9242376477204,230.160000000149,288,216,24,0.464,1223.768113,9.42,75.52,"[16, 15]",cartesian,15,300,3600,80,1,43840368a833168270904edd6ce5af0c0131df4e,2022-05-17 07:56:14 +1000,"manifests/restart.yaml, run_summary_home_561_rmh561_access-om2_1deg_era5_ryf.csv","['2022-05-17 07:52:39: Run 40', 'update run summary']",1401600,True,continue
,41,1941-01-01T00:00:00,1942-01-01T00:00:00,"[1, 0, 0, 0]",365.0,/home/561/rmh561/access-om2/1deg_era5_ryf,/g/data/e14/rmh561/access-om2/archive/1deg_era5_ryf/output041,3.57,/scratch/e14/rmh561/access-om2/archive/1deg_era5_ryf/restart041,0.464,Ryan Holmes,2022-05-17T09:14:49,40456727,0,[],normal,403.68,0.7008333333333333,403.95649315068493,0.7013133561643835,0.003055555555555589,13763.990528808208,34.07295281096999,234.25999999977648,288,216,24,0.478,1311.971507,26.88,153.37,"[16, 15]",cartesian,15,300,3600,80,1,1b42d5c51baaf8277c9a988471c5e6c5d6616c3a,2022-05-17 08:36:35 +1000,"manifests/restart.yaml, run_summary_home_561_rmh561_access-om2_1deg_era5_ryf.csv","['2022-05-17 08:32:54: Run 41', 'update run summary']",1436640,True,continue
,42,1942-01-01T00:00:00,1943-01-01T00:00:00,"[1, 0, 0, 0]",365.0,/home/561/rmh561/access-om2/1deg_era5_ryf,/g/data/e14/rmh561/access-om2/archive/1deg_era5_ryf/output042,3.57,/scratch/e14/rmh561/access-om2/archive/1deg_era5_ryf/restart042,0.464,Ryan Holmes,2022-05-17T09:55:53,40459293,0,[],normal,392.48,0.6813888888888889,392.74882191780824,0.681855593607306,0.003055555555555478,13762.285714285714,35.040934424918,234.44000000040978,288,216,24,0.466,1258.108309,31.37,77.47,"[16, 15]",cartesian,15,300,3600,80,1,19eb0dbfa5857c5454edaa6f4b2f80b0a4efd74f,2022-05-17 09:19:57 +1000,"manifests/restart.yaml, run_summary_home_561_rmh561_access-om2_1deg_era5_ryf.csv","['2022-05-17 09:15:03: Run 42', 'update run summary']",1471680,True,continue
,43,1943-01-01T00:00:00,1944-01-01T00:00:00,"[1, 0, 0, 0]",365.0,/home/561/rmh561/access-om2/1deg_era5_ryf,/g/data/e14/rmh561/access-om2/archive/1deg_era5_ryf/output043,3.57,/scratch/e14/rmh561/access-om2/archive/1deg_era5_ryf/restart043,0.464,Ryan Holmes,2022-05-17T10:36:10,40462374,0,[],normal,385.12,0.6686111111111112,385.3837808219178,0.6690690639269407,0.002777777777777768,13766.805130326851,35.72232619900618,234.54000000003725,288,216,24,0.464,1224.384039,27.35,76.72,"[16, 15]",cartesian,15,300,3600,80,1,1a33abf10dacf79da9bea9b41d160b7443a6c975,2022-05-17 10:00:07 +1000,"manifests/restart.yaml, run_summary_home_561_rmh561_access-om2_1deg_era5_ryf.csv","['2022-05-17 09:56:10: Run 43', 'update run summary']",1506720,True,continue
,44,1944-01-01T00:00:00,1945-01-01T00:00:00,"[1, 0, 0, 0]",366.0,/home/561/rmh561/access-om2/1deg_era5_ryf,/g/data/e14/rmh561/access-om2/archive/1deg_era5_ryf/output044,3.57,/scratch/e14/rmh561/access-om2/archive/1deg_era5_ryf/restart044,0.464,Ryan Holmes,2022-05-17T11:16:38,40465718,0,[],normal,387.36,0.6725,386.5662295081967,0.6711219262295082,0.0019444444444444153,13784.144975288305,35.657912986411105,233.25999999977648,288,216,24,0.467,1247.498793,24.81,76.82,"[16, 15]",cartesian,15,300,3600,80,1,07a5491d8477d4ed0e37a8d45fdfef1aca804198,2022-05-17 10:40:11 +1000,"manifests/restart.yaml, run_summary_home_561_rmh561_access-om2_1deg_era5_ryf.csv","['2022-05-17 10:36:22: Run 44', 'update run summary']",1541760,True,continue
,46,1946-01-01T00:00:00,1947-01-01T00:00:00,"[1, 0, 0, 0]",365.0,/home/561/rmh561/access-om2/1deg_era5_ryf,/g/data/e14/rmh561/access-om2/archive/1deg_era5_ryf/output046,3.57,/scratch/e14/rmh561/access-om2/archive/1deg_era5_ryf/restart046,0.464,Ryan Holmes,2022-05-17T12:38:29,40471604,1,[40468925],normal,392.16,0.6808333333333333,392.42860273972605,0.6812996575342465,0.6833333333333335,6899.3329260843,17.581116355731613,234.32000000029802,288,216,24,0.473,1272.369788,28.71,85.66,"[16, 15]",cartesian,15,300,3600,80,1,6e823d8414f355668b1728f215b2e54dfc8397cf,2022-05-17 12:01:47 +1000,"manifests/restart.yaml, run_summary_home_561_rmh561_access-om2_1deg_era5_ryf.csv","['2022-05-17 11:16:55: Run 45', 'update run summary', '2022-05-17 11:57:43: Run 46', 'update run summary']",1611840,True,continue
,47,1947-01-01T00:00:00,1948-01-01T00:00:00,"[1, 0, 0, 0]",365.0,/home/561/rmh561/access-om2/1deg_era5_ryf,/g/data/e14/rmh561/access-om2/archive/1deg_era5_ryf/output047,3.57,/scratch/e14/rmh561/access-om2/archive/1deg_era5_ryf/restart047,0.464,Ryan Holmes,2022-05-17T13:19:23,40475427,0,[],normal,391.04,0.6788888888888889,391.30783561643835,0.6793538812785388,0.002777777777777768,13767.667481662593,35.18372551874407,233.71999999973923,288,216,24,0.471,1263.934485,27.7,83.59,"[16, 15]",cartesian,15,300,3600,80,1,2c780c39ce5c3da364955a5ad174aae13ddf3724,2022-05-17 12:42:56 +1000,"manifests/restart.yaml, run_summary_home_561_rmh561_access-om2_1deg_era5_ryf.csv","['2022-05-17 12:38:45: Run 47', 'update run summary']",1646880,True,continue
,48,1948-01-01T00:00:00,1949-01-01T00:00:00,"[1, 0, 0, 0]",366.0,/home/561/rmh561/access-om2/1deg_era5_ryf,/g/data/e14/rmh561/access-om2/archive/1deg_era5_ryf/output048,3.571,/scratch/e14/rmh561/access-om2/archive/1deg_era5_ryf/restart048,0.464,Ryan Holmes,2022-05-17T14:01:27,40478747,0,[],normal,391.84,0.6802777777777778,391.03704918032787,0.6788837659380692,0.02083333333333337,13413.223454833595,34.301669069336825,234.94000000040978,288,216,24,0.473,1273.26388,24.11,78.76,"[16, 15]",cartesian,15,300,3600,80,1,de255490b55b7f6575f9d23717ca65d84b761f87,2022-05-17 13:23:52 +1000,"manifests/restart.yaml, run_summary_home_561_rmh561_access-om2_1deg_era5_ryf.csv","['2022-05-17 13:20:43: Run 48', 'update run summary']",1681920,True,continue
,49,1949-01-01T00:00:00,1950-01-01T00:00:00,"[1, 0, 0, 0]",365.0,/home/561/rmh561/access-om2/1deg_era5_ryf,/g/data/e14/rmh561/access-om2/archive/1deg_era5_ryf/output049,3.571,/scratch/e14/rmh561/access-om2/archive/1deg_era5_ryf/restart049,0.464,Ryan Holmes,2022-05-17T14:50:26,40481981,0,[],normal,388.96,0.6752777777777778,389.22641095890407,0.6757402968036529,0.1411111111111112,11434.550527390267,29.37763267199658,234.62999999988824,288,216,24,0.464,1234.758087,32.14,78.38,"[16, 15]",cartesian,15,300,3600,80,1,ba10b60f63ebe88dd0cf12c090bdcb037929dafd,2022-05-17 14:09:55 +1000,"manifests/restart.yaml, run_summary_home_561_rmh561_access-om2_1deg_era5_ryf.csv","['update run summary', '2022-05-17 14:09:55: Run 49']",1716960,True,continue
,50,1950-01-01T00:00:00,1951-01-01T00:00:00,"[1, 0, 0, 0]",365.0,/home/561/rmh561/access-om2/1deg_era5_ryf,/g/data/e14/rmh561/access-om2/archive/1deg_era5_ryf/output050,3.571,/scratch/e14/rmh561/access-om2/archive/1deg_era5_ryf/restart050,0.464,Ryan Holmes,2022-05-17T15:31:12,40486156,0,[],normal,389.12,0.6755555555555556,389.3865205479452,0.6760182648401827,0.0038888888888888307,13744.87653311529,35.298799028208485,234.75,288,216,24,0.471,1249.192301,20.2,79.24,"[16, 15]",cartesian,15,300,3600,80,1,c625f6b8ce0e9a612f6094216428507519d52225,2022-05-17 14:55:18 +1000,"manifests/restart.yaml, run_summary_home_561_rmh561_access-om2_1deg_era5_ryf.csv","['2022-05-17 14:50:50: Run 50', 'update run summary']",1752000,True,continue
,51,1951-01-01T00:00:00,1952-01-01T00:00:00,"[1, 0, 0, 0]",365.0,/home/561/rmh561/access-om2/1deg_era5_ryf,/g/data/e14/rmh561/access-om2/archive/1deg_era5_ryf/output051,3.571,/scratch/e14/rmh561/access-om2/archive/1deg_era5_ryf/restart051,0.464,Ryan Holmes,2022-05-17T16:13:59,40488884,0,[],normal,391.68,0.68,391.94827397260275,0.6804657534246575,0.033055555555555505,13183.152317880795,33.634928875340066,234.11000000033528,288,216,24,0.473,1260.024805,21.53,78.62,"[16, 15]",cartesian,15,300,3600,80,1,dbe82082e6d4905ba412bf31aca93aff8fca36c3,2022-05-17 15:36:24 +1000,"manifests/restart.yaml, run_summary_home_561_rmh561_access-om2_1deg_era5_ryf.csv","['2022-05-17 15:33:25: Run 51', 'update run summary']",1787040,True,continue
,52,1952-01-01T00:00:00,1953-01-01T00:00:00,"[1, 0, 0, 0]",366.0,/home/561/rmh561/access-om2/1deg_era5_ryf,/g/data/e14/rmh561/access-om2/archive/1deg_era5_ryf/output052,3.571,/scratch/e14/rmh561/access-om2/archive/1deg_era5_ryf/restart052,0.464,Ryan Holmes,2022-05-17T17:06:51,40492108,0,[],normal,388.96,0.6752777777777778,388.1629508196721,0.6738940118397085,0.2058333333333333,10594.622950819672,27.294266308640026,233.69000000040978,288,216,24,0.468,1246.242879,26.98,75.14,"[16, 15]",cartesian,15,300,3600,80,1,5e8311325b574965f3a81fad1282e15e19cf7eff,2022-05-17 16:26:33 +1000,"manifests/restart.yaml, run_summary_home_561_rmh561_access-om2_1deg_era5_ryf.csv","['update run summary', '2022-05-17 16:26:33: Run 52']",1822080,True,continue
,53,1953-01-01T00:00:00,1954-01-01T00:00:00,"[1, 0, 0, 0]",365.0,/home/561/rmh561/access-om2/1deg_era5_ryf,/g/data/e14/rmh561/access-om2/archive/1deg_era5_ryf/output053,3.571,/scratch/e14/rmh561/access-om2/archive/1deg_era5_ryf/restart053,0.464,Ryan Holmes,2022-05-17T17:54:28,40497247,0,[],normal,391.04,0.6788888888888889,391.30783561643835,0.6793538812785388,0.11472222222222228,11825.640882044103,30.220812888693715,233.79000000003725,288,216,24,0.469,1251.65515,27.58,81.3,"[16, 15]",cartesian,15,300,3600,80,1,cfe199eb675551c0ce26f937416fbf2bd9e47c8e,2022-05-17 17:13:58 +1000,"manifests/restart.yaml, run_summary_home_561_rmh561_access-om2_1deg_era5_ryf.csv","['update run summary', '2022-05-17 17:13:58: Run 53']",1857120,True,continue
,54,1954-01-01T00:00:00,1955-01-01T00:00:00,"[1, 0, 0, 0]",365.0,/home/561/rmh561/access-om2/1deg_era5_ryf,/g/data/e14/rmh561/access-om2/archive/1deg_era5_ryf/output054,3.571,/scratch/e14/rmh561/access-om2/archive/1deg_era5_ryf/restart054,0.464,Ryan Holmes,2022-05-17T18:46:23,40500087,0,[],normal,393.6,0.6833333333333333,393.86958904109594,0.6838013698630137,0.18194444444444446,10917.187800963082,27.71777284847446,233.67999999970198,288,216,24,0.469,1258.325851,30.64,73.83,"[16, 15]",cartesian,15,300,3600,80,1,9230cef4c10ba2b01ac196e5f9ae8debb2a346be,2022-05-17 18:05:40 +1000,"manifests/restart.yaml, run_summary_home_561_rmh561_access-om2_1deg_era5_ryf.csv","['update run summary', '2022-05-17 18:05:39: Run 54']",1892160,True,continue
,55,1955-01-01T00:00:00,1956-01-01T00:00:00,"[1, 0, 0, 0]",365.0,/home/561/rmh561/access-om2/1deg_era5_ryf,/g/data/e14/rmh561/access-om2/archive/1deg_era5_ryf/output055,3.571,/scratch/e14/rmh561/access-om2/archive/1deg_era5_ryf/restart055,0.464,Ryan Holmes,2022-05-17T19:35:40,40503031,0,[],normal,387.68,0.6730555555555555,387.94553424657533,0.6735165525114155,0.14833333333333332,11327.545485289145,29.198803660127815,234.910000000149,288,216,24,0.467,1238.462166,20.26,73.86,"[16, 15]",cartesian,15,300,3600,80,1,c72f4d76fc147506f3d4a432adf551958822d0cf,2022-05-17 18:55:28 +1000,"manifests/restart.yaml, run_summary_home_561_rmh561_access-om2_1deg_era5_ryf.csv","['update run summary', '2022-05-17 18:55:27: Run 55']",1927200,True,continue
,56,1956-01-01T00:00:00,1957-01-01T00:00:00,"[1, 0, 0, 0]",366.0,/home/561/rmh561/access-om2/1deg_era5_ryf,/g/data/e14/rmh561/access-om2/archive/1deg_era5_ryf/output056,3.571,/scratch/e14/rmh561/access-om2/archive/1deg_era5_ryf/restart056,0.464,Ryan Holmes,2022-05-17T20:27:25,40505220,0,[],normal,423.04,0.7344444444444445,422.1731147540984,0.7329394353369764,0.1280555555555556,11771.547826086957,27.883224712079276,234.5,288,216,24,0.51,1451.875054,25.93,378.93,"[16, 15]",cartesian,15,300,3600,80,1,31569dfcc28a833ba37b661b985fb4e9264efd56,2022-05-17 19:43:31 +1000,"manifests/restart.yaml, run_summary_home_561_rmh561_access-om2_1deg_era5_ryf.csv","['update run summary', '2022-05-17 19:43:31: Run 56']",1962240,True,continue
,57,1957-01-01T00:00:00,1958-01-01T00:00:00,"[1, 0, 0, 0]",365.0,/home/561/rmh561/access-om2/1deg_era5_ryf,/g/data/e14/rmh561/access-om2/archive/1deg_era5_ryf/output057,3.571,/scratch/e14/rmh561/access-om2/archive/1deg_era5_ryf/restart057,0.464,Ryan Holmes,2022-05-17T21:16:01,40507803,0,[],normal,395.2,0.6861111111111111,395.4706849315068,0.6865810502283105,0.12388888888888894,11709.62962962963,29.609349253428647,234.089999999851,288,216,24,0.471,1268.564383,28.3,80.05,"[16, 15]",cartesian,15,300,3600,80,1,378c16dafd511d4f911b5d939369e5dbcc1fb05a,2022-05-17 20:35:03 +1000,"manifests/restart.yaml, run_summary_home_561_rmh561_access-om2_1deg_era5_ryf.csv","['update run summary', '2022-05-17 20:35:03: Run 57']",1997280,True,continue
,58,1958-01-01T00:00:00,1959-01-01T00:00:00,"[1, 0, 0, 0]",365.0,/home/561/rmh561/access-om2/1deg_era5_ryf,/g/data/e14/rmh561/access-om2/archive/1deg_era5_ryf/output058,3.571,/scratch/e14/rmh561/access-om2/archive/1deg_era5_ryf/restart058,0.464,Ryan Holmes,2022-05-17T22:05:18,40512110,0,[],normal,388.8,0.675,389.066301369863,0.6754623287671233,0.1463888888888888,11360.270544470748,29.198803660127815,235.29999999981374,288,216,24,0.467,1240.457834,24.25,71.62,"[16, 15]",cartesian,15,300,3600,80,1,c31568f6cfd07e01cfd6038a702f80a53a77cf34,2022-05-17 21:24:59 +1000,"manifests/restart.yaml, run_summary_home_561_rmh561_access-om2_1deg_era5_ryf.csv","['update run summary', '2022-05-17 21:24:59: Run 58']",2032320,True,continue
,59,1959-01-01T00:00:00,1960-01-01T00:00:00,"[1, 0, 0, 0]",365.0,/home/561/rmh561/access-om2/1deg_era5_ryf,/g/data/e14/rmh561/access-om2/archive/1deg_era5_ryf/output059,3.571,/scratch/e14/rmh561/access-om2/archive/1deg_era5_ryf/restart059,0.464,Ryan Holmes,2022-05-17T22:53:31,40515999,0,[],normal,384.32,0.6672222222222223,384.5832328767123,0.6676792237442922,0.1363888888888889,11477.79052886277,29.844750232629778,234.20999999996275,288,216,24,0.458,1205.263097,25.65,76.7,"[16, 15]",cartesian,15,300,3600,80,1,57d6a785324215c2d728526148d9520a362e7ff3,2022-05-17 22:13:39 +1000,"manifests/restart.yaml, run_summary_home_561_rmh561_access-om2_1deg_era5_ryf.csv","['update run summary', '2022-05-17 22:13:38: Run 59']",2067360,True,continue
,60,1960-01-01T00:00:00,1961-01-01T00:00:00,"[1, 0, 0, 0]",366.0,/home/561/rmh561/access-om2/1deg_era5_ryf,/g/data/e14/rmh561/access-om2/archive/1deg_era5_ryf/output060,3.572,/scratch/e14/rmh561/access-om2/archive/1deg_era5_ryf/restart060,0.464,Ryan Holmes,2022-05-17T23:46:50,40521028,0,[],normal,398.72,0.6922222222222222,397.9029508196722,0.6908037340619307,0.19638888888888895,10768.805251641139,27.06389894686032,234.53000000026077,288,216,24,0.467,1271.736492,25.22,84.81,"[16, 15]",cartesian,15,300,3600,80,1,112ef08fabae3415ef3850efbaf8764f93dab653,2022-05-17 23:05:29 +1000,"manifests/restart.yaml, run_summary_home_561_rmh561_access-om2_1deg_era5_ryf.csv","['update run summary', '2022-05-17 23:05:28: Run 60']",2102400,True,continue
,61,1961-01-01T00:00:00,1962-01-01T00:00:00,"[1, 0, 0, 0]",365.0,/home/561/rmh561/access-om2/1deg_era5_ryf,/g/data/e14/rmh561/access-om2/archive/1deg_era5_ryf/output061,3.572,/scratch/e14/rmh561/access-om2/archive/1deg_era5_ryf/restart061,0.464,Ryan Holmes,2022-05-18T00:37:54,40524067,0,[],normal,385.76,0.6697222222222222,386.0242191780822,0.6701809360730594,0.18138888888888893,10877.827676240207,28.17913264458158,235.04000000003725,288,216,24,0.465,1229.793098,20.39,72.97,"[16, 15]",cartesian,15,300,3600,80,1,185eb561844c5fd23d622906624e3c0744e9a426,2022-05-17 23:57:52 +1000,"manifests/restart.yaml, run_summary_home_561_rmh561_access-om2_1deg_era5_ryf.csv","['update run summary', '2022-05-17 23:57:52: Run 61']",2137440,True,continue
,62,1962-01-01T00:00:00,1963-01-01T00:00:00,"[1, 0, 0, 0]",365.0,/home/561/rmh561/access-om2/1deg_era5_ryf,/g/data/e14/rmh561/access-om2/archive/1deg_era5_ryf/output062,3.572,/scratch/e14/rmh561/access-om2/archive/1deg_era5_ryf/restart062,0.464,Ryan Holmes,2022-05-18T01:26:07,40526798,0,[],normal,404.64,0.7025,404.91715068493147,0.7029811643835616,0.10111111111111115,12084.651227099894,29.844750232629778,231.76999999955297,288,216,24,0.43,1199.089468,28.7,224.13,"[16, 15]",cartesian,15,300,3600,80,1,0e5b53a1ad6e1934cd5bc3ebb27f49bbb4fc3270,2022-05-18 00:44:08 +1000,"manifests/restart.yaml, run_summary_home_561_rmh561_access-om2_1deg_era5_ryf.csv","['update run summary', '2022-05-18 00:44:08: Run 62']",2172480,True,continue
,63,1963-01-01T00:00:00,1964-01-01T00:00:00,"[1, 0, 0, 0]",365.0,/home/561/rmh561/access-om2/1deg_era5_ryf,/g/data/e14/rmh561/access-om2/archive/1deg_era5_ryf/output063,3.571,/scratch/e14/rmh561/access-om2/archive/1deg_era5_ryf/restart063,0.464,Ryan Holmes,2022-05-18T02:18:45,40528379,0,[],normal,397.6,0.6902777777777778,397.8723287671233,0.6907505707762557,0.18694444444444447,10877.973400886638,27.340361755224176,234.65000000037253,288,216,24,0.464,1263.044226,29.3,88.83,"[16, 15]",cartesian,15,300,3600,80,1,4ebf9fc096461310854832436e7d6cac121f3ddf,2022-05-18 01:37:29 +1000,"manifests/restart.yaml, run_summary_home_561_rmh561_access-om2_1deg_era5_ryf.csv","['update run summary', '2022-05-18 01:37:29: Run 63']",2207520,True,continue
,64,1964-01-01T00:00:00,1965-01-01T00:00:00,"[1, 0, 0, 0]",366.0,/home/561/rmh561/access-om2/1deg_era5_ryf,/g/data/e14/rmh561/access-om2/archive/1deg_era5_ryf/output064,3.571,/scratch/e14/rmh561/access-om2/archive/1deg_era5_ryf/restart064,0.464,Ryan Holmes,2022-05-18T03:00:57,40530982,0,[],normal,394.56,0.685,393.7514754098361,0.6835963114754099,0.018333333333333313,13463.658767772511,34.19329096801191,232.84999999962747,288,216,24,0.471,1260.079651,26.92,75.46,"[16, 15]",cartesian,15,300,3600,80,1,8ddf78a77f095dc2ab72e7f2c25b13cdc2280fbc,2022-05-18 02:23:17 +1000,"manifests/restart.yaml, run_summary_home_561_rmh561_access-om2_1deg_era5_ryf.csv","['2022-05-18 02:20:03: Run 64', 'update run summary']",2242560,True,continue
,65,1965-01-01T00:00:00,1966-01-01T00:00:00,"[1, 0, 0, 0]",365.0,/home/561/rmh561/access-om2/1deg_era5_ryf,/g/data/e14/rmh561/access-om2/archive/1deg_era5_ryf/output065,3.571,/scratch/e14/rmh561/access-om2/archive/1deg_era5_ryf/restart065,0.464,Ryan Holmes,2022-05-18T03:41:33,40533589,0,[],normal,388.32,0.6741666666666667,388.58597260273973,0.6746284246575343,0.0024999999999999467,13772.926108374386,35.44370378612395,234.25,288,216,24,0.467,1236.278464,25.76,74.5,"[16, 15]",cartesian,15,300,3600,80,1,f95b1b21616c8730d00e434772ce6d6e293fe02d,2022-05-18 03:05:51 +1000,"manifests/restart.yaml, run_summary_home_561_rmh561_access-om2_1deg_era5_ryf.csv","['2022-05-18 03:01:21: Run 65', 'update run summary']",2277600,True,continue
,66,1966-01-01T00:00:00,1967-01-01T00:00:00,"[1, 0, 0, 0]",365.0,/home/561/rmh561/access-om2/1deg_era5_ryf,/g/data/e14/rmh561/access-om2/archive/1deg_era5_ryf/output066,3.571,/scratch/e14/rmh561/access-om2/archive/1deg_era5_ryf/restart066,0.464,Ryan Holmes,2022-05-18T04:23:01,40535842,0,[],normal,396.32,0.6880555555555555,396.5914520547945,0.6885268264840182,0.003055555555555589,13762.881028938908,34.70291898030464,234.57000000029802,288,216,24,0.472,1265.655223,25.37,74.82,"[16, 15]",cartesian,15,300,3600,80,1,3c447e92b624eb7ce810d3ce67707d845099c2fe,2022-05-18 03:46:22 +1000,"manifests/restart.yaml, run_summary_home_561_rmh561_access-om2_1deg_era5_ryf.csv","['2022-05-18 03:41:57: Run 66', 'update run summary']",2312640,True,continue
,67,1967-01-01T00:00:00,1968-01-01T00:00:00,"[1, 0, 0, 0]",365.0,/home/561/rmh561/access-om2/1deg_era5_ryf,/g/data/e14/rmh561/access-om2/archive/1deg_era5_ryf/output067,3.571,/scratch/e14/rmh561/access-om2/archive/1deg_era5_ryf/restart067,0.464,Ryan Holmes,2022-05-18T05:04:01,40537526,0,[],normal,391.04,0.6788888888888889,391.30783561643835,0.6793538812785388,0.004444444444444473,13734.087804878049,35.097911554064204,234.42999999970198,288,216,24,0.469,1254.694036,24.79,75.89,"[16, 15]",cartesian,15,300,3600,80,1,3f940e78916cdd65a962432c29a11694f7153be1,2022-05-18 04:27:37 +1000,"manifests/restart.yaml, run_summary_home_561_rmh561_access-om2_1deg_era5_ryf.csv","['2022-05-18 04:23:28: Run 67', 'update run summary']",2347680,True,continue
,68,1968-01-01T00:00:00,1969-01-01T00:00:00,"[1, 0, 0, 0]",366.0,/home/561/rmh561/access-om2/1deg_era5_ryf,/g/data/e14/rmh561/access-om2/archive/1deg_era5_ryf/output068,3.572,/scratch/e14/rmh561/access-om2/archive/1deg_era5_ryf/restart068,0.464,Ryan Holmes,2022-05-18T05:45:15,40539417,0,[],normal,394.08,0.6841666666666667,393.27245901639344,0.6827646857923497,0.003055555555555478,13762.535165723526,34.99491217906474,234.839999999851,288,216,24,0.472,1259.087747,25.19,76.13,"[16, 15]",cartesian,15,300,3600,80,1,cec70d7cdf61c6afc513fd5b6ff0a2d24ca737dd,2022-05-18 05:08:42 +1000,"manifests/restart.yaml, run_summary_home_561_rmh561_access-om2_1deg_era5_ryf.csv","['2022-05-18 05:04:21: Run 68', 'update run summary']",2382720,True,continue
,69,1969-01-01T00:00:00,1970-01-01T00:00:00,"[1, 0, 0, 0]",365.0,/home/561/rmh561/access-om2/1deg_era5_ryf,/g/data/e14/rmh561/access-om2/archive/1deg_era5_ryf/output069,3.572,/scratch/e14/rmh561/access-om2/archive/1deg_era5_ryf/restart069,1.207,Ryan Holmes,2022-05-18T06:25:39,40541450,0,[],normal,386.4,0.6708333333333333,386.66465753424654,0.671292808219178,0.0025000000000000577,13772.673267326732,35.619167666253276,234.4199999999255,288,216,24,0.462,1221.954213,26.31,76.13,"[16, 15]",cartesian,15,300,3600,80,1,6e00c7c5399337e24d6d5529fa9ab416ede330c6,2022-05-18 05:49:49 +1000,"manifests/restart.yaml, run_summary_home_561_rmh561_access-om2_1deg_era5_ryf.csv","['2022-05-18 05:45:38: Run 69', 'update run summary']",2417760,True,continue
,,,,,,,,,,,,,,,,,,,,,,,,,,,,,,,,,,,,,,,,,,,,,
,Run,Run start,Run end,"Run length (y, m, d, s)",Run length (days),Control directory,Output directory,Output GiB,Restart directory,Restart GiB,Run by,Run completion date,Job Id,Failed jobs,Failed jobids,Queue,Service Units,Walltime Used (hr),SU per model year,Walltime (hr) per model year,Wait (hr) between runs,SU per calendar day,Model years per calendar day,Memory Used (Gb),NCPUs Used,MOM NCPUs,CICE NCPUs,Fraction of MOM runtime in oasis_recv,Max MOM wait for oasis_recv (s),Max CICE wait for coupler (s),Max CICE I/O time (s),MOM tile layout,CICE tile distribution,CICE block_size_x,CICE block_size_y,Timestep (s),MOM barotropic split,CICE dynamic split (ndtd),Git hash of run,Commit date,Git-tracked file changes,Git log messages,ice/cice_in.nml -> setup_nml -> istep0,ice/cice_in.nml -> setup_nml -> restart,ice/cice_in.nml -> setup_nml -> runtype
Total,2333,,,,24837.0,,,242.5249999999999,,32.24799999999995,,,2747790066,4,,,28793.28,49.98833333333334,28794.386278913098,49.99025395644632,112.20083333333332,837736.5569987172,2084.9580405252364,15903.030000001192,19584,14688,1632,33.161,99042.14882700001,1757.5900000000001,5865.570000000001,,,1020,20400,244800,5440,68,,,,,81748320,67,
Mean,34.30882352941177,,,0.25,365.25,,,3.566544117647059,,0.47423529411764703,,,40408677.441176474,0.058823529411764705,[588259.54411765 588987.98529412 594808.42647059 595131.25      ],,423.4305882352942,0.7351225490196079,423.44685704283955,0.7351507934771521,1.6746393034825868,12503.530701473392,31.118776724257245,233.86808823531166,288.0,216.0,24.0,0.48766176470588246,1456.502188632353,25.84691176470588,86.25838235294118,15.5,,15.0,300.0,3600.0,80.0,1.0,,,,,1202181.1764705882,0.9852941176470589,
Median,33.5,,,0.0,365.0,,,3.569,,0.464,,,40438685.0,0.0,[],,392.48,0.6813888888888889,392.6687671232877,0.6817166095890411,0.007500000000000062,13671.529411764706,33.634928875340066,234.25499999988824,288.0,216.0,24.0,0.472,1266.216868,26.314999999999998,76.35,15.5,,15.0,300.0,3600.0,80.0,1.0,,,,,1173840.0,1.0,
Min,0,1900-01-01T00:00:00,1901-01-01T00:00:00,"[1, 0, 0, 0]",365.0,/home/561/rmh561/access-om2/1deg_era5_ryf,/g/data/e14/rmh561/access-om2/archive/1deg_era5_ryf/output000,3.539,/scratch/e14/rmh561/access-om2/archive/1deg_era5_ryf/restart000,0.46,Ryan Holmes,2022-05-11T14:26:00,39982936,0,[],normal,383.84,0.6663888888888889,383.0534426229508,0.6650233378870675,0.0019444444444444153,149.52108079726975,0.348718117987027,225.82000000029802,288,216,24,0.43,1199.089468,4.69,71.62,"[16, 15]",cartesian,15,300,3600,80,1,01a02d86abd176bdb94290646d741de69ffe5d98,2022-05-11 12:14:23 +1000,,['2022-05-11 14:26:27: Run 1'],0,False,continue
Max,69,1969-01-01T00:00:00,1970-01-01T00:00:00,"[1, 0, 0, 0]",366.0,/home/561/rmh561/access-om2/1deg_era5_ryf,/g/data/e14/rmh561/access-om2/archive/1deg_era5_ryf/output069,3.572,/scratch/e14/rmh561/access-om2/archive/1deg_era5_ryf/restart069,1.207,Ryan Holmes,2022-05-18T06:25:39,40541450,2,[40468925],normal,1277.92,2.218611111111111,1278.795287671233,2.220130707762557,68.0325,13787.748251748253,35.96901235189287,235.29999999981374,288,216,24,0.842,6822.199618,63.01,378.93,"[16, 15]",cartesian,15,300,3600,80,1,f95b1b21616c8730d00e434772ce6d6e293fe02d,2022-05-18 05:49:49 +1000,"manifests/restart.yaml, run_summary_home_561_rmh561_access-om2_1deg_era5_ryf.csv","['update run summary', '2022-05-18 01:37:29: Run 63']",2417760,True,initial
Std dev,20.45745754496761,,,0.4330127018922193,0.4330127018922193,,,0.005829523801380805,,0.08952605891534317,,,131052.33654698038,0.291161615782696,,,148.0944700270579,0.2571084549080866,148.23792449126216,0.25735750779733024,9.495449711806327,2603.8146705791733,7.018844951881184,1.4005159315207616,0.0,0.0,0.0,0.06371296162664827,930.6284412452337,6.562558516792988,42.11574470189246,0.5,,0.0,0.0,0.0,0.0,0.0,,,,,716829.3123756651,0.12037283488047724,
SU correlation,-0.3278889090930408,,,,-0.08940010064869643,,,-0.5623714379652544,,-0.03632474198887282,,,-0.5898873490440779,-0.04582428793281532,,,1.0,0.9999999999999998,0.9999949128875739,0.9999949128875737,,,,-0.5754297309938141,nan,nan,nan,0.982243550024038,0.9997410183265314,-0.4887116124872048,-0.009908833583688818,,,nan,nan,nan,nan,nan,,,,,-0.32788890909304075,-0.6936855385729432,
SU slope,-2.3736348523831636,,,,-30.575686274520187,,,-14286.60434392435,,-60.08857620771986,,,-0.0006665966943750927,-23.30775510204058,,,0.9999999999999996,575.9999999999997,0.9990271866128883,575.4396594890231,,,,-60.847548486511734,0.7351225490196076,0.9801633986928102,8.8214705882353,2283.12786385156,0.15909261925766133,-11.028547335945158,-0.03484310840398679,,,14.114352941176467,0.7057176470588233,0.058809803921568614,2.6464411764705873,211.715294117647,,,,,-6.774072067303549e-05,-853.4400000000039,
Dimensionless SU slope,-0.19232578263434805,,,,-26.37449849410202,,,-120.33567271635093,,-0.06729821699877712,,,-63.61441887941622,-0.0032379437288201384,,,0.9999999999999996,0.9999999999999993,0.9990655706632691,0.9990655706632683,,,,-33.60716073359906,0.4999999999999997,0.4999999999999998,0.5000000000000002,2.6294608704941425,0.5472414005557733,-0.6732009869033276,-0.007097999649959046,,,0.4999999999999998,0.4999999999999998,0.4999999999999998,0.4999999999999997,0.4999999999999998,,,,,-0.19232578263434802,-1.9858967092321629,
